{
    "round": 1,
    "metrics": {
        "accuracy": 0.987522824102252,
        "precision": 0.9796893667861409,
        "recall": 0.9957498482088646,
        "f1": 0.9876543209876543,
        "loss": 0.043048118477596625,
        "classification_report": {
            "NonFraud": {
                "precision": 0.9956575682382134,
                "recall": 0.9792556436851739,
                "f1-score": 0.9873884958474316,
                "support": 1639.0
            },
            "Fraud": {
                "precision": 0.9796893667861409,
                "recall": 0.9957498482088646,
                "f1-score": 0.9876543209876543,
                "support": 1647.0
            },
            "accuracy": 0.987522824102252,
            "macro avg": {
                "precision": 0.9876734675121772,
                "recall": 0.9875027459470193,
                "f1-score": 0.987521408417543,
                "support": 3286.0
            },
            "weighted avg": {
                "precision": 0.987654029652832,
                "recall": 0.987522824102252,
                "f1-score": 0.9875217320026193,
                "support": 3286.0
            }
        }
    }
}